{
	"classes":[
		{
			"NP":1,
			"LPI":3000,
			"MESH":225.0,
			"SPI":3000,
			"PLAND":7.5,
			"AREA":[
				3000
			],
			"PD":0.000025,
			"COHE":0.005625,
			"name":"Class A",
			"DIVI":0.994375,
			"NPRO":9000000,
			"SPLI":177.77777777777777,
			"SDEN":0.0044444444444444444,
			"CA":3000
		},
		{
			"NP":5,
			"LPI":3941,
			"MESH":1374.0471,
			"SPI":1633,
			"PLAND":40.0,
			"AREA":[
				1633,
				2881,
				3768,
				3777,
				3941
			],
			"PD":0.000125,
			"COHE":0.0343511775,
			"name":"Class B",
			"DIVI":0.9656488225,
			"NPRO":54961884,
			"SPLI":29.111083601137107,
			"SDEN":0.0007277770900284277,
			"CA":16000
		},
		{
			"NP":7,
			"LPI":1199,
			"MESH":201.84075,
			"SPI":958,
			"PLAND":18.74,
			"AREA":[
				958,
				1020,
				1020,
				1038,
				1086,
				1175,
				1199
			],
			"PD":0.000175,
			"COHE":0.00504601875,
			"name":"Class C",
			"DIVI":0.99495398125,
			"NPRO":8073630,
			"SPLI":198.17603729673021,
			"SDEN":0.004954400932418256,
			"CA":7496
		}
	],
	"nbRows":200,
	"nbCols":200
}